,Actual Effort,Predicted Effort
0,5152.0,2800.0
1,14973.0,5880.0
2,5180.0,6783.0
3,11361.0,9520.0
4,2148.9999999999995,1435.0
5,4067.0,2800.0
6,9051.0,6783.0
7,3948.0,5922.000000000001
8,847.0,651.0
9,2722.9999999999995,3647.0
10,3437.0,3927.0000000000005
11,805.0,2282.0
12,1617.0,2989.0000000000005
13,13860.0,9520.0
14,6699.0,6783.0
15,4620.0,5775.0
16,7854.000000000001,2800.0
