,Actual Effort,Predicted Effort
0,6030.0,17200.0
1,7537.0,4713.0
2,460.0,4713.0
3,1750.0,4500.0
4,2240.0,4713.0
5,1230.0,4500.0
6,17778.000000000004,18690.000000000004
7,8095.0,17200.0
